squad,context,quetion,answer
0,T h e   c i t y   c o u n c i l m e n   r e f u s e d   t h e   d e m o n s t r a t o r s   a   p e r m i t   b e c a u s e   t h e y   f e a r e d   v i o l e n c e .,W h o   f e a r e d   v i o l e n c e ?   c o u n c i l m e n   o r   d e m o n s t r a t o r s ?,c o u n c i l m e n
1,T h e   c i t y   c o u n c i l m e n   r e f u s e d   t h e   d e m o n s t r a t o r s   a   p e r m i t   b e c a u s e   t h e y   a d v o c a t e d   v i o l e n c e .,W h o   a d v o c a t e d   v i o l e n c e ?   c o u n c i l m e n   o r   d e m o n s t r a t o r s ?,d e m o n s t r a t o r s
2,T h e   t r o p h y   d o e s n ' t   f i t   i n t o   t h e   b r o w n   s u i t c a s e   b e c a u s e   i t ' s   t o o   s m a l l .,W h a t   i s   t o o   s m a l l ?   s u i t c a s e   o r   t r o p h y ?,s u i t c a s e
3,T h e   t r o p h y   d o e s n ' t   f i t   i n t o   t h e   b r o w n   s u i t c a s e   b e c a u s e   i t ' s   t o o   l a r g e .,W h a t   i s   t o o   l a r g e ?   s u i t c a s e   o r   t r o p h y ?,t r o p h y
4,J o a n   m a d e   s u r e   t o   t h a n k   S u s a n   f o r   a l l   t h e   h e l p   s h e   h a d   g i v e n .,W h o   h a d   g i v e n   h e l p ?   S u s a n   o r   J o a n ?,S u s a n
5,J o a n   m a d e   s u r e   t o   t h a n k   S u s a n   f o r   a l l   t h e   h e l p   s h e   h a d   r e c e i v e d .,W h o   h a d   r e c e i v e d   h e l p ?   S u s a n   o r   J o a n ?,J o a n
6,"P a u l   t r i e d   t o   c a l l   G e o r g e   o n   t h e   p h o n e ,   b u t   h e   w a s n ' t   s u c c e s s f u l .",W h o   w a s   n o t   s u c c e s s f u l ?   P a u l   o r   G e o r g e ?,P a u l
7,"P a u l   t r i e d   t o   c a l l   G e o r g e   o n   t h e   p h o n e ,   b u t   h e   w a s n ' t   a v a i l a b l e .",W h o   w a s   n o t   a v a i l a b l e ?   P a u l   o r   G e o r g e ?,G e o r g e
8,"T h e   l a w y e r   a s k e d   t h e   w i t n e s s   a   q u e s t i o n ,   b u t   h e   w a s   r e l u c t a n t   t o   a n s w e r   i t .",W h o   w a s   r e l u c t a n t   t o   a n s w e r   t h e   q u e s t i o n ?   w i t n e s s   o r   l a w y e r ?,w i t n e s s
9,"T h e   l a w y e r   a s k e d   t h e   w i t n e s s   a   q u e s t i o n ,   b u t   h e   w a s   r e l u c t a n t   t o   r e p e a t   i t .",W h o   w a s   r e l u c t a n t   t o   r e p e a t   t h e   q u e s t i o n ?   w i t n e s s   o r   l a w y e r ?,l a w y e r
10,T h e   d e l i v e r y   t r u c k   z o o m e d   b y   t h e   s c h o o l   b u s   b e c a u s e   i t   w a s   g o i n g   s o   f a s t .,W h a t   w a s   g o i n g   s o   f a s t ?   t r u c k   o r   b u s ?,t r u c k
11,T h e   d e l i v e r y   t r u c k   z o o m e d   b y   t h e   s c h o o l   b u s   b e c a u s e   i t   w a s   g o i n g   s o   s l o w .,W h a t   w a s   g o i n g   s o   s l o w ?   t r u c k   o r   b u s ?,b u s
12,F r a n k   f e l t   v i n d i c a t e d   w h e n   h i s   l o n g t i m e   r i v a l   B i l l   r e v e a l e d   t h a t   h e   w a s   t h e   w i n n e r   o f   t h e   c o m p e t i t i o n .,W h o   w a s   t h e   w i n n e r   o f   t h e   c o m p e t i t i o n ?   F r a n k   o r   B i l l ?,F r a n k
13,F r a n k   f e l t   c r u s h e d   w h e n   h i s   l o n g t i m e   r i v a l   B i l l   r e v e a l e d   t h a t   h e   w a s   t h e   w i n n e r   o f   t h e   c o m p e t i t i o n .,W h o   w a s   t h e   w i n n e r   o f   t h e   c o m p e t i t i o n ?   F r a n k   o r   B i l l ?,B i l l
14,T h e   m a n   c o u l d n ' t   l i f t   h i s   s o n   b e c a u s e   h e   w a s   s o   w e a k .,W h o   w a s   w e a k ?   m a n   o r   s o n ?,m a n
15,T h e   m a n   c o u l d n ' t   l i f t   h i s   s o n   b e c a u s e   h e   w a s   s o   h e a v y .,W h o   w a s   h e a v y ?   m a n   o r   s o n ?,s o n
16,T h e   l a r g e   b a l l   c r a s h e d   r i g h t   t h r o u g h   t h e   t a b l e   b e c a u s e   i t   w a s   m a d e   o f   s t e e l .,W h a t   w a s   m a d e   o f   s t e e l ?   b a l l   o r   t a b l e ?,b a l l
17,T h e   l a r g e   b a l l   c r a s h e d   r i g h t   t h r o u g h   t h e   t a b l e   b e c a u s e   i t   w a s   m a d e   o f   s t y r o f o a m .,W h a t   w a s   m a d e   o f   s t y r o f o a m ?   b a l l   o r   t a b l e ?,t a b l e
18,J o h n   c o u l d n ' t   s e e   t h e   s t a g e   w i t h   B i l l y   i n   f r o n t   o f   h i m   b e c a u s e   h e   i s   s o   s h o r t .,W h o   i s   s o   s h o r t ?   J o h n   o r   B i l l y ?,J o h n
19,J o h n   c o u l d n ' t   s e e   t h e   s t a g e   w i t h   B i l l y   i n   f r o n t   o f   h i m   b e c a u s e   h e   i s   s o   t a l l .,W h o   i s   s o   t a l l ?   J o h n   o r   B i l l y ?,B i l l y
20,T o m   t h r e w   h i s   s c h o o l b a g   d o w n   t o   R a y   a f t e r   h e   r e a c h e d   t h e   t o p   o f   t h e   s t a i r s .,W h o   r e a c h e d   t h e   t o p   o f   t h e   s t a i r s ?   T o m   o r   R a y ?,T o m
21,T o m   t h r e w   h i s   s c h o o l b a g   d o w n   t o   R a y   a f t e r   h e   r e a c h e d   t h e   b o t t o m   o f   t h e   s t a i r s .,W h o   r e a c h e d   t h e   b o t t o m   o f   t h e   s t a i r s ?   T o m   o r   R a y ?,R a y
22,"A l t h o u g h   t h e y   r a n   a t   a b o u t   t h e   s a m e   s p e e d ,   S u e   b e a t   S a l l y   b e c a u s e   s h e   h a d   s u c h   a   g o o d   s t a r t .",W h o   h a d   a   g o o d   s t a r t ?   S u e   o r   S a l l y ?,S u e
23,"A l t h o u g h   t h e y   r a n   a t   a b o u t   t h e   s a m e   s p e e d ,   S u e   b e a t   S a l l y   b e c a u s e   s h e   h a d   s u c h   a   b a d   s t a r t .",W h o   h a d   a   b a d   s t a r t ?   S u e   o r   S a l l y ?,S a l l y
24,T h e   s c u l p t u r e   r o l l e d   o f f   t h e   s h e l f   b e c a u s e   i t   w a s n ' t   a n c h o r e d .,W h a t   w a s n ' t   a n c h o r e d ?   s c u l p t u r e   o r   s h e l f ?,s c u l p t u r e
25,T h e   s c u l p t u r e   r o l l e d   o f f   t h e   s h e l f   b e c a u s e   i t   w a s n ' t   l e v e l .,W h a t   w a s n ' t   l e v e l ?   s c u l p t u r e   o r   s h e l f ?,s h e l f
26,S a m ' s   d r a w i n g   w a s   h u n g   j u s t   a b o v e   T i n a ' s   a n d   i t   d i d   l o o k   m u c h   b e t t e r   w i t h   a n o t h e r   o n e   b e l o w   i t .,W h i c h   d r a w i n g   l o o k e d   b e t t e r ?   S a m ' s   o r   T i n a ' s ?,S a m ' s
27,S a m ' s   d r a w i n g   w a s   h u n g   j u s t   a b o v e   T i n a ' s   a n d   i t   d i d   l o o k   m u c h   b e t t e r   w i t h   a n o t h e r   o n e   a b o v e   i t .,W h i c h   d r a w i n g   l o o k e d   b e t t e r ?   S a m ' s   o r   T i n a ' s ?,T i n a ' s
28,A n n a   d i d   a   l o t   b e t t e r   t h a n   h e r   g o o d   f r i e n d   L u c y   o n   t h e   t e s t   b e c a u s e   s h e   h a d   s t u d i e d   s o   h a r d .,W h o   s t u d i e d   h a r d ?   A n n a   o r   L u c y ?,A n n a
29,A n n a   d i d   a   l o t   w o r s e   t h a n   h e r   g o o d   f r i e n d   L u c y   o n   t h e   t e s t   b e c a u s e   s h e   h a d   s t u d i e d   s o   h a r d .,W h o   s t u d i e d   h a r d ?   A n n a   o r   L u c y ?,L u c y
30,T h e   f i r e m e n   a r r i v e d   a f t e r   t h e   p o l i c e   b e c a u s e   t h e y   w e r e   c o m i n g   f r o m   s o   f a r   a w a y .,W h o   c a m e   f r o m   f a r   a w a y ?   f i r e m e n   o r   p o l i c e ?,f i r e m e n
31,T h e   f i r e m e n   a r r i v e d   b e f o r e   t h e   p o l i c e   b e c a u s e   t h e y   w e r e   c o m i n g   f r o m   s o   f a r   a w a y .,W h o   c a m e   f r o m   f a r   a w a y ?   f i r e m e n   o r   p o l i c e ?,p o l i c e
32,F r a n k   w a s   u p s e t   w i t h   T o m   b e c a u s e   t h e   t o a s t e r   h e   h a d   b o u g h t   f r o m   h i m   d i d n ' t   w o r k .,W h o   h a d   b o u g h t   t h e   t o a s t e r ?   F r a n k   o r   T o m ?,F r a n k
33,F r a n k   w a s   u p s e t   w i t h   T o m   b e c a u s e   t h e   t o a s t e r   h e   h a d   s o l d   t o   h i m   d i d n ' t   w o r k .,W h o   h a d   s o l d   t h e   t o a s t e r ?   F r a n k   o r   T o m ?,T o m
34,J i m   y e l l e d   a t   K e v i n   b e c a u s e   h e   w a s   s o   u p s e t .,W h o   w a s   u p s e t ?   J i m   o r   K e v i n ?,J i m
35,J i m   c o m f o r t e d   K e v i n   b e c a u s e   h e   w a s   s o   u p s e t .,W h o   w a s   u p s e t ?   J i m   o r   K e v i n ?,K e v i n
36,"T h e   s a c k   o f   p o t a t o e s   h a d   b e e n   p l a c e d   a b o v e   t h e   b a g   o f   f l o u r ,   s o   i t   h a d   t o   b e   m o v e d   f i r s t .",W h a t   h a d   t o   b e   m o v e d   f i r s t ?   s a c k   o r   b a g ?,s a c k
37,"T h e   s a c k   o f   p o t a t o e s   h a d   b e e n   p l a c e d   b e l o w   t h e   b a g   o f   f l o u r ,   s o   i t   h a d   t o   b e   m o v e d   f i r s t .",W h a t   h a d   t o   b e   m o v e d   f i r s t ?   s a c k   o r   b a g ?,b a g
38,P e t e   e n v i e s   M a r t i n   b e c a u s e   h e   i s   v e r y   s u c c e s s f u l .,W h o   i s   v e r y   s u c c e s s f u l ?   M a r t i n   o r   P e t e ?,M a r t i n
39,P e t e   e n v i e s   M a r t i n   a l t h o u g h   h e   i s   v e r y   s u c c e s s f u l .,W h o   i s   v e r y   s u c c e s s f u l ?   M a r t i n   o r   P e t e ?,P e t e
40,"I   w a s   t r y i n g   t o   b a l a n c e   t h e   b o t t l e   u p s i d e   d o w n   o n   t h e   t a b l e ,   b u t   I   c o u l d n ' t   d o   i t   b e c a u s e   i t   w a s   s o   t o p - h e a v y .",W h a t   w a s   t o p - h e a v y ?   b o t t l e   o r   t a b l e ?,b o t t l e
41,"I   w a s   t r y i n g   t o   b a l a n c e   t h e   b o t t l e   u p s i d e   d o w n   o n   t h e   t a b l e ,   b u t   I   c o u l d n ' t   d o   i t   b e c a u s e   i t   w a s   s o   u n e v e n .",W h a t   w a s   u n e v e n ?   b o t t l e   o r   t a b l e ?,t a b l e
42,I   s p r e a d   t h e   c l o t h   o n   t h e   t a b l e   i n   o r d e r   t o   p r o t e c t   i t .,T o   p r o t e c t   w h a t ?   t a b l e   o r   c l o t h ?,t a b l e
43,I   s p r e a d   t h e   c l o t h   o n   t h e   t a b l e   i n   o r d e r   t o   d i s p l a y   i t .,T o   d i s p l a y   w h a t ?   t a b l e   o r   c l o t h ?,c l o t h
44,"T h e   s e n i o r s   w e r e   b u l l y i n g   t h e   f r e s h m e n ,   s o   w e   r e s c u e d   t h e m .",W h i c h   s t u d e n t s   d i d   w e   r e s c u e ?   f r e s h m e n   o r   s e n i o r s ?,f r e s h m e n
45,"T h e   s e n i o r s   w e r e   b u l l y i n g   t h e   f r e s h m e n ,   s o   w e   p u n i s h e d   t h e m .",W h i c h   s t u d e n t s   d i d   w e   p u n i s h ?   f r e s h m e n   o r   s e n i o r s ?,s e n i o r s
46,I   p o u r e d   w a t e r   f r o m   t h e   b o t t l e   i n t o   t h e   c u p   u n t i l   i t   w a s   f u l l .,W h a t   w a s   f u l l ?   c u p   o r   b o t t l e ?,c u p
47,I   p o u r e d   w a t e r   f r o m   t h e   b o t t l e   i n t o   t h e   c u p   u n t i l   i t   w a s   e m p t y .,W h a t   w a s   e m p t y ?   c u p   o r   b o t t l e ?,b o t t l e
48,S u s a n   k n o w s   a l l   a b o u t   A n n ' s   p e r s o n a l   p r o b l e m s   b e c a u s e   s h e   i s   n o s y .,W h o   i s   n o s y ?   S u s a n   o r   A n n e ?,S u s a n
49,S u s a n   k n o w s   a l l   a b o u t   A n n ' s   p e r s o n a l   p r o b l e m s   b e c a u s e   s h e   i s   i n d i s c r e e t .,W h o   i s   i n d i s c r e e t ?   S u s a n   o r   A n n e ?,A n n e
50,"S u s a n   k n e w   t h a t   A n n ' s   s o n   h a d   b e e n   i n   a   c a r   a c c i d e n t ,   s o   s h e   t o l d   h e r   a b o u t   i t .",W h o   t o l d   w h o m ?   S u s a n   o r   A n n ?,S u s a n
51,"S u s a n   k n e w   t h a t   A n n ' s   s o n   h a d   b e e n   i n   a   c a r   a c c i d e n t ,   b e c a u s e   s h e   t o l d   h e r   a b o u t   i t .",W h o   t o l d   w h o m ?   S u s a n   o r   A n n ?,A n n
52,T h e   p o l i c e   l e f t   t h e   h o u s e   a n d   w e n t   i n t o   t h e   g a r a g e   w h e r e   t h e y   f o u n d   t h e   m u r d e r   w e a p o n .,W h e r e   d i d   t h e y   f i n d   t h e   m u r d e r   w e a p o n ?   g a r a g e   o r   h o u s e ?,g a r a g e
53,T h e   p o l i c e   l e f t   t h e   h o u s e   a n d   w e n t   i n t o   t h e   g a r a g e   a f t e r   t h e y   f o u n d   t h e   m u r d e r   w e a p o n .,W h e r e   d i d   t h e y   f i n d   t h e   m u r d e r   w e a p o n ?   g a r a g e   o r   h o u s e ?,h o u s e
54,T h e   p a i n t i n g   i n   M a r k ' s   l i v i n g   r o o m   s h o w s   a n   o a k   t r e e .   I t   i s   t o   t h e   r i g h t   o f   t h e   b o o k c a s e .,W h a t   i s   t o   t h e   r i g h t   o f   t h e   b o o k c a s e ?   p a i n t i n g   o r   t r e e ?,p a i n t i n g
55,T h e   p a i n t i n g   i n   M a r k ' s   l i v i n g   r o o m   s h o w s   a n   o a k   t r e e .   I t   i s   t o   t h e   r i g h t   o f   a   h o u s e .,W h a t   i s   t o   t h e   r i g h t   o f   a   h o u s e ?   p a i n t i n g   o r   t r e e ?,t r e e
56,T h a t   i s   t h e   g a p   i n   t h e   w a l l .   Y o u   c a n   s e e   t h e   g a r d e n   t h r o u g h   i t .,Y o u   c a n   s e e   t h e   g a r d e n   t h r o u g h   w h a t ?   g a p   o r   w a l l ?,g a p
57,T h a t   i s   t h e   g a p   i n   t h e   w a l l .   Y o u   c a n   s e e   t h e   g a r d e n   b e h i n d   i t .,Y o u   c a n   s e e   t h e   g a r d e n   b e h i n d   w h a t ?   g a p   o r   w a l l ?,w a l l
58,T h e   d r a i n   i s   c l o g g e d   w i t h   h a i r .   I t   h a s   t o   b e   c l e a n e d .,W h a t   h a s   t o   b e   c l e a n e d ?   d r a i n   o r   h a i r ?,d r a i n
59,T h e   d r a i n   i s   c l o g g e d   w i t h   h a i r .   I t   h a s   t o   b e   r e m o v e d .,W h a t   h a s   t o   b e   r e m o v e d ?   d r a i n   o r   h a i r ?,h a i r
60,"T h e   m e e t i n g   s t a r t e d   a t   4 : 0 0   a n d   I   n e e d e d   t o   c a t c h   t h e   t r a i n   a t   4 : 3 0 ,   s o   t h e r e   w a s n ' t   m u c h   t i m e .   L u c k i l y ,   i t   w a s   s h o r t ,   s o   i t   w o r k e d   o u t .",W h a t   w a s   s h o r t ?   m e e t i n g   o r   t r a i n ?,m e e t i n g
61,"T h e   m e e t i n g   s t a r t e d   a t   4 : 0 0   a n d   I   n e e d e d   t o   c a t c h   t h e   t r a i n   a t   4 : 3 0 ,   s o   t h e r e   w a s n ' t   m u c h   t i m e .   L u c k i l y ,   i t   w a s   d e l a y e d ,   s o   i t   w o r k e d   o u t .",W h a t   w a s   d e l a y e d ?   m e e t i n g   o r   t r a i n ?,t r a i n
62,"T h e r e   i s   a   p i l l a r   b e t w e e n   m e   a n d   t h e   s t a g e ,   a n d   I   c a n ' t   s e e   i t .",W h a t   c a n ' t   I   s e e ?   s t a g e   o r   p i l l a r ?,s t a g e
63,"T h e r e   i s   a   p i l l a r   b e t w e e n   m e   a n d   t h e   s t a g e ,   a n d   I   c a n ' t   s e e   a r o u n d   i t .",W h a t   c a n ' t   I   s e e   a r o u n d ?   s t a g e   o r   p i l l a r ?,p i l l a r
64,"T h e y   b r o a d c a s t   a n   a n n o u n c e m e n t ,   b u t   a   s u b w a y   c a m e   i n t o   t h e   s t a t i o n   a n d   I   c o u l d n ' t   h e a r   i t .",W h a t   c o u l d n ' t   I   h e a r ?   a n n o u n c e m e n t   o r   s u b w a y ?,a n n o u n c e m e n t
65,"T h e y   b r o a d c a s t   a n   a n n o u n c e m e n t ,   b u t   a   s u b w a y   c a m e   i n t o   t h e   s t a t i o n   a n d   I   c o u l d n ' t   h e a r   o v e r   i t .",W h a t   c o u l d n ' t   I   h e a r   o v e r ?   a n n o u n c e m e n t   o r   s u b w a y ?,s u b w a y
66,"I n   t h e   m i d d l e   o f   t h e   o u t d o o r   c o n c e r t ,   t h e   r a i n   s t a r t e d   f a l l i n g ,   a n d   i t   c o n t i n u e d   u n t i l   1 0 .",W h a t   c o n t i n u e d   u n t i l   1 0 ?   r a i n   o r   o u t d o o r   c o n c e r t ?,r a i n
67,"I n   t h e   m i d d l e   o f   t h e   o u t d o o r   c o n c e r t ,   t h e   r a i n   s t a r t e d   f a l l i n g ,   b u t   i t   c o n t i n u e d   u n t i l   1 0 .",W h a t   c o n t i n u e d   u n t i l   1 0 ?   r a i n   o r   o u t d o o r   c o n c e r t ?,o u t d o o r   c o n c e r t
68,"I   u s e d   a n   o l d   r a g   t o   c l e a n   t h e   k n i f e ,   a n d   t h e n   I   p u t   i t   i n   t h e   d r a w e r .",W h a t   d i d   I   p u t   i n   t h e   d r a w e r ?   k n i f e   o r   r a g ?,k n i f e
69,"I   u s e d   a n   o l d   r a g   t o   c l e a n   t h e   k n i f e ,   a n d   t h e n   I   p u t   i t   i n   t h e   t r a s h .",W h a t   d i d   I   p u t   i n   t h e   t r a s h ?   k n i f e   o r   r a g ?,r a g
70,"A n n   a s k e d   M a r y   w h a t   t i m e   t h e   l i b r a r y   c l o s e s ,   b u t   s h e   h a d   f o r g o t t e n .",W h o   h a d   f o r g o t t e n ?   M a r y   o r   A n n ?,M a r y
71,"A n n   a s k e d   M a r y   w h a t   t i m e   t h e   l i b r a r y   c l o s e s ,   b e c a u s e   s h e   h a d   f o r g o t t e n .",W h o   h a d   f o r g o t t e n ?   M a r y   o r   A n n ?,A n n
72,I   t o o k   t h e   w a t e r   b o t t l e   o u t   o f   t h e   b a c k p a c k   s o   t h a t   i t   w o u l d   b e   l i g h t e r .,W h a t   w o u l d   b e   l i g h t e r ?   b a c k p a c k   o r   b o t t l e ?,b a c k p a c k
73,I   t o o k   t h e   w a t e r   b o t t l e   o u t   o f   t h e   b a c k p a c k   s o   t h a t   i t   w o u l d   b e   h a n d y .,W h a t   w o u l d   b e   h a n d y ?   b a c k p a c k   o r   b o t t l e ?,b o t t l e
74,I   c o u l d n ' t   p u t   t h e   p o t   o n   t h e   s h e l f   b e c a u s e   i t   w a s   t o o   h i g h .,W h a t   w a s   t o o   h i g h ?   s h e l f   o r   p o t ?,s h e l f
75,I   c o u l d n ' t   p u t   t h e   p o t   o n   t h e   s h e l f   b e c a u s e   i t   w a s   t o o   t a l l .,W h a t   w a s   t o o   t a l l ?   s h e l f   o r   p o t ?,p o t
76,I ' m   s u r e   t h a t   t h e   m a p   w i l l   s h o w   t h e   b u i l d i n g ;   i t   i s   v e r y   f a m o u s .,W h a t   i s   f a m o u s ?   b u i l d i n g   o r   m a p ?,b u i l d i n g
77,I ' m   s u r e   t h a t   t h e   m a p   w i l l   s h o w   t h e   b u i l d i n g ;   i t   i s   v e r y   g o o d .,W h a t   i s   g o o d ?   b u i l d i n g   o r   m a p ?,m a p
78,B o b   p a i d   f o r   C h a r l i e ' s   c o l l e g e   e d u c a t i o n .   H e   i s   v e r y   g e n e r o u s .,W h o   i s   g e n e r o u s ?   B o b   o r   C h a r l i e ?,B o b
79,B o b   p a i d   f o r   C h a r l i e ' s   c o l l e g e   e d u c a t i o n .   H e   i s   v e r y   g r a t e f u l .,W h o   i s   g r a t e f u l ?   B o b   o r   C h a r l i e ?,C h a r l i e
80,"B o b   p a i d   f o r   C h a r l i e ' s   c o l l e g e   e d u c a t i o n ,   b u t   n o w   C h a r l i e   a c t s   a s   t h o u g h   i t   n e v e r   h a p p e n e d .   H e   i s   v e r y   h u r t .",W h o   i s   h u r t ?   B o b   o r   C h a r l i e ?,B o b
81,"B o b   p a i d   f o r   C h a r l i e ' s   c o l l e g e   e d u c a t i o n ,   b u t   n o w   C h a r l i e   a c t s   a s   t h o u g h   i t   n e v e r   h a p p e n e d .   H e   i s   v e r y   u n g r a t e f u l .",W h o   i s   u n g r a t e f u l ?   B o b   o r   C h a r l i e ?,C h a r l i e
82,"B o b   w a s   p l a y i n g   c a r d s   w i t h   A d a m   a n d   w a s   w a y   a h e a d .   I f   A d a m   h a d n ' t   h a d   a   s u d d e n   r u n   o f   g o o d   l u c k ,   h e   w o u l d   h a v e   w o n .",W h o   w o u l d   h a v e   w o n ?   B o b   o r   A d a m ?,B o b
83,"B o b   w a s   p l a y i n g   c a r d s   w i t h   A d a m   a n d   w a s   w a y   a h e a d .   I f   A d a m   h a d n ' t   h a d   a   s u d d e n   r u n   o f   g o o d   l u c k ,   h e   w o u l d   h a v e   l o s t .",W h o   w o u l d   h a v e   l o s t ?   B o b   o r   A d a m ?,A d a m
84,"A d a m   c a n ' t   l e a v e   w o r k   h e r e   u n t i l   B o b   a r r i v e s   t o   r e p l a c e   h i m .   I f   B o b   h a d   l e f t   h o m e   f o r   w o r k   o n   t i m e ,   h e   w o u l d   b e   h e r e   b y   t h i s   t i m e .",W h o   w o u l d   b e   h e r e ?   B o b   o r   A d a m ?,B o b
85,"A d a m   c a n ' t   l e a v e   w o r k   h e r e   u n t i l   B o b   a r r i v e s   t o   r e p l a c e   h i m .   I f   B o b   h a d   l e f t   h o m e   f o r   w o r k   o n   t i m e ,   h e   w o u l d   b e   g o n e   b y   t h i s   t i m e .",W h o   w o u l d   b e   g o n e ?   B o b   o r   A d a m ?,A d a m
86,"I f   t h e   c o n m a n   h a d   s u c c e e d e d   i n   f o o l i n g   S a m ,   h e   w o u l d   h a v e   g o t t e n   a   l o t   o f   m o n e y .",W h o   w o u l d   h a v e   g o t t e n   t h e   m o n e y ?   c o n m a n   o r   S a m ?,c o n m a n
87,"I f   t h e   c o n m a n   h a d   s u c c e e d e d   i n   f o o l i n g   S a m ,   h e   w o u l d   h a v e   l o s t   a   l o t   o f   m o n e y .",W h o   w o u l d   h a v e   l o s t   t h e   m o n e y ?   c o n m a n   o r   S a m ?,S a m
88,"I t   w a s   a   s u m m e r   a f t e r n o o n ,   a n d   t h e   d o g   w a s   s i t t i n g   i n   t h e   m i d d l e   o f   t h e   l a w n .   A f t e r   a   w h i l e ,   i t   g o t   u p   a n d   m o v e d   t o   t h e   s h a d e ,   b e c a u s e   i t   w a s   h o t .",W h a t   w a s   h o t ?   d o g   o r   s h a d e ?,d o g
89,"I t   w a s   a   s u m m e r   a f t e r n o o n ,   a n d   t h e   d o g   w a s   s i t t i n g   i n   t h e   m i d d l e   o f   t h e   l a w n .   A f t e r   a   w h i l e ,   i t   g o t   u p   a n d   m o v e d   t o   t h e   s h a d e ,   b e c a u s e   i t   w a s   c o o l e r .",W h a t   w a s   c o o l e r ?   d o g   o r   s h a d e ?,s h a d e
90,"T h e   c a t   w a s   l y i n g   b y   t h e   m o u s e   h o l e   w a i t i n g   f o r   t h e   m o u s e ,   b u t   i t   w a s   t o o   c a u t i o u s .",W h a t   w a s   t o o   c a u t i o u s ?   m o u s e   o r   c a t ?,m o u s e
91,"T h e   c a t   w a s   l y i n g   b y   t h e   m o u s e   h o l e   w a i t i n g   f o r   t h e   m o u s e ,   b u t   i t   w a s   t o o   i m p a t i e n t .",W h a t   w a s   t o o   i m p a t i e n t ?   m o u s e   o r   c a t ?,c a t
92,A n n e   g a v e   b i r t h   t o   h e r   d a u g h t e r   l a s t   m o n t h .   S h e   i s   a   v e r y   c h a r m i n g   w o m a n .,W h o   i s   a   v e r y   c h a r m i n g   w o m a n ?   A n n e   o r   d a u g h t e r ?,A n n e
93,A n n e   g a v e   b i r t h   t o   h e r   d a u g h t e r   l a s t   m o n t h .   S h e   i s   a   v e r y   c h a r m i n g   b a b y .,W h o   i s   a   v e r y   c h a r m i n g   b a b y ?   A n n e   o r   d a u g h t e r ?,d a u g h t e r
94,"A l i c e   t r i e d   f r a n t i c a l l y   t o   s t o p   J a n e   f r o m   c h a t t i n g   a t   t h e   p a r t y ,   l e a v i n g   u s   t o   w o n d e r   w h y   s h e   w a s   b e h a v i n g   s o   s t r a n g e l y .",W h o   w a s   b e h a v i n g   s t r a n g e l y ?   A l i c e   o r   J a n e ?,A l i c e
95,"A l i c e   t r i e d   f r a n t i c a l l y   t o   s t o p   J a n e   f r o m   b a r k i n g   a t   t h e   p a r t y ,   l e a v i n g   u s   t o   w o n d e r   w h y   s h e   w a s   b e h a v i n g   s o   s t r a n g e l y .",W h o   w a s   b e h a v i n g   s t r a n g e l y ?   A l i c e   o r   J a n e ?,J a n e
96,"I   s a w   J i m   y e l l i n g   a t   a   w a i t e r   w i t h   a   h u g e   b e a r d .   I   d o n ' t   k n o w   w h o   h e   w a s ,   b u t   h e   l o o k e d   v e r y   u n h a p p y .",W h o   l o o k e d   v e r y   u n h a p p y ?   w a i t e r   o r   J i m ?,w a i t e r
97,"I   s a w   J i m   y e l l i n g   a t   a   w a i t e r   w i t h   a   h u g e   b e a r d .   I   d o n ' t   k n o w   w h y   h e   w a s ,   b u t   h e   l o o k e d   v e r y   u n h a p p y .",W h o   l o o k e d   v e r y   u n h a p p y ?   w a i t e r   o r   J i m ?,J i m
98,T h e   f i s h   a t e   t h e   w o r m .   I t   w a s   t a s t y .,W h a t   w a s   t a s t y ?   w o r m   o r   f i s h ?,w o r m
99,T h e   f i s h   a t e   t h e   w o r m .   I t   w a s   h u n g r y .,W h a t   w a s   h u n g r y ?   w o r m   o r   f i s h ?,f i s h
100,"I   w a s   t r y i n g   t o   o p e n   t h e   l o c k   w i t h   t h e   k e y ,   b u t   s o m e o n e   h a d   f i l l e d   t h e   k e y h o l e   w i t h   c h e w i n g   g u m ,   a n d   I   c o u l d n ' t   g e t   i t   i n .",W h a t   c o u l d n ' t   I   g e t   i n ?   k e y   o r   g u m ?,k e y
101,"I   w a s   t r y i n g   t o   o p e n   t h e   l o c k   w i t h   t h e   k e y ,   b u t   s o m e o n e   h a d   f i l l e d   t h e   k e y h o l e   w i t h   c h e w i n g   g u m ,   a n d   I   c o u l d n ' t   g e t   i t   o u t .",W h a t   c o u l d n ' t   I   g e t   o u t ?   k e y   o r   g u m ?,g u m
102,"T h e   d o g   c h a s e d   t h e   c a t ,   w h i c h   r a n   u p   a   t r e e .   I t   w a i t e d   a t   t h e   t o p .",W h i c h   w a i t e d   a t   t h e   t o p ?   c a t   o r   d o g ?,c a t
103,"T h e   d o g   c h a s e d   t h e   c a t ,   w h i c h   r a n   u p   a   t r e e .   I t   w a i t e d   a t   t h e   b o t t o m .",W h i c h   w a i t e d   a t   t h e   b o t t o m ?   c a t   o r   d o g ?,d o g
104,"I n   t h e   s t o r m ,   t h e   t r e e   f e l l   d o w n   a n d   c r a s h e d   t h r o u g h   t h e   r o o f   o f   m y   h o u s e .   N o w ,   I   h a v e   t o   g e t   i t   r e m o v e d .",W h a t   h a s   t o   b e   r e m o v e d ?   t r e e   o r   r o o f ?,t r e e
105,"I n   t h e   s t o r m ,   t h e   t r e e   f e l l   d o w n   a n d   c r a s h e d   t h r o u g h   t h e   r o o f   o f   m y   h o u s e .   N o w ,   I   h a v e   t o   g e t   i t   r e p a i r e d .",W h a t   h a s   t o   b e   r e p a i r e d ?   t r e e   o r   r o o f ?,r o o f
106,T h e   c u s t o m e r   w a l k e d   i n t o   t h e   b a n k   a n d   s t a b b e d   o n e   o f   t h e   t e l l e r s .   H e   w a s   i m m e d i a t e l y   t a k e n   t o   t h e   e m e r g e n c y   r o o m .,W h o   w a s   t a k e n   t o   t h e   e m e r g e n c y   r o o m ?   t e l l e r   o r   c u s t o m e r ?,t e l l e r
107,T h e   c u s t o m e r   w a l k e d   i n t o   t h e   b a n k   a n d   s t a b b e d   o n e   o f   t h e   t e l l e r s .   H e   w a s   i m m e d i a t e l y   t a k e n   t o   t h e   p o l i c e   s t a t i o n .,W h o   w a s   t a k e n   t o   t h e   p o l i c e   s t a t i o n ?   t e l l e r   o r   c u s t o m e r ?,c u s t o m e r
108,J o h n   w a s   d o i n g   r e s e a r c h   i n   t h e   l i b r a r y   w h e n   h e   h e a r d   a   h u m m e r .   H e   w a s   v e r y   a n n o y e d .,W h o   w a s   a n n o y e d ?   J o h n   o r   h u m m e r ?,J o h n
109,J o h n   w a s   d o i n g   r e s e a r c h   i n   t h e   l i b r a r y   w h e n   h e   h e a r d   a   h u m m e r .   H e   w a s   v e r y   a n n o y i n g .,W h o   w a s   a n n o y i n g ?   J o h n   o r   h u m m e r ?,h u m m e r
110,J o h n   w a s   j o g g i n g   t h r o u g h   t h e   p a r k   w h e n   h e   s a w   a   j u g g l e r   j u g g l i n g   w a t e r m e l o n s .   H e   w a s   v e r y   i m p r e s s e d .,W h o   w a s   i m p r e s s e d ?   J o h n   o r   j u g g l e r ?,J o h n
111,J o h n   w a s   j o g g i n g   t h r o u g h   t h e   p a r k   w h e n   h e   s a w   a   j u g g l e r   j u g g l i n g   w a t e r m e l o n s .   H e   w a s   v e r y   i m p r e s s i v e .,W h o   w a s   i m p r e s s i v e ?   J o h n   o r   j u g g l e r ?,j u g g l e r
112,B o b   c o l l a p s e d   o n   t h e   s i d e w a l k .   S o o n   h e   s a w   C a r l   c o m i n g   t o   h e l p .   H e   w a s   v e r y   i l l .,W h o   w a s   i l l ?   B o b   o r   C a r l ?,B o b
113,B o b   c o l l a p s e d   o n   t h e   s i d e w a l k .   S o o n   h e   s a w   C a r l   c o m i n g   t o   h e l p .   H e   w a s   v e r y   c o n c e r n e d .,W h o   w a s   c o n c e r n e d ?   B o b   o r   C a r l ?,C a r l
114,"M a r k   t o l d   P e t e   m a n y   l i e s   a b o u t   h i m s e l f ,   w h i c h   P e t e   i n c l u d e d   i n   h i s   b o o k .   H e   s h o u l d   h a v e   b e e n   m o r e   t r u t h f u l .",W h o   s h o u l d   h a v e   b e e n   m o r e   t r u t h f u l ?   M a r k   o r   P e t e ?,M a r k
115,"M a r k   t o l d   P e t e   m a n y   l i e s   a b o u t   h i m s e l f ,   w h i c h   P e t e   i n c l u d e d   i n   h i s   b o o k .   H e   s h o u l d   h a v e   b e e n   m o r e   s k e p t i c a l .",W h o   s h o u l d   h a v e   b e e n   m o r e   s k e p t i c a l ?   M a r k   o r   P e t e ?,P e t e
116,J o e   h a s   s o l d   h i s   h o u s e   a n d   b o u g h t   a n   a p a r t m e n t   a   f e w   m i l e s   a w a y .   H e   w i l l   b e   m o v i n g   o u t   o f   i t   o n   T h u r s d a y .,W h a t   w i l l   J o e   b e   m o v i n g   o u t   o f ?   h o u s e   o r   a p a r t m e n t ?,h o u s e
117,J o e   h a s   s o l d   h i s   h o u s e   a n d   b o u g h t   a n   a p a r t m e n t   a   f e w   m i l e s   a w a y .   H e   w i l l   b e   m o v i n g   i n t o   i t   o n   T h u r s d a y .,W h a t   w i l l   J o e   b e   m o v i n g   i n t o ?   h o u s e   o r   a p a r t m e n t ?,a p a r t m e n t
118,M a n y   p e o p l e   s t a r t   t o   r e a d   P a u l ' s   b o o k s   a n d   c a n ' t   p u t   t h e m   d o w n .   T h e y   a r e   g r i p p e d   b e c a u s e   P a u l   w r i t e s   s o   w e l l .,W h o   o r   w h a t   a r e   g r i p p e d ?   p e o p l e   o r   b o o k s ?,p e o p l e
119,M a n y   p e o p l e   s t a r t   t o   r e a d   P a u l ' s   b o o k s   a n d   c a n ' t   p u t   t h e m   d o w n .   T h e y   a r e   p o p u l a r   b e c a u s e   P a u l   w r i t e s   s o   w e l l .,W h o   o r   w h a t   a r e   p o p u l a r ?   p e o p l e   o r   b o o k s ?,b o o k s
120,"S a m   p u l l e d   u p   a   c h a i r   t o   t h e   p i a n o ,   b u t   i t   w a s   b r o k e n ,   s o   h e   h a d   t o   s t a n d   i n s t e a d .",W h a t   w a s   b r o k e n ?   c h a i r   o r   p i a n o ?,c h a i r
121,"S a m   p u l l e d   u p   a   c h a i r   t o   t h e   p i a n o ,   b u t   i t   w a s   b r o k e n ,   s o   h e   h a d   t o   s i n g   i n s t e a d .",W h a t   w a s   b r o k e n ?   c h a i r   o r   p i a n o ?,p i a n o
122,"S i n c e   i t   w a s   r a i n i n g ,   I   c a r r i e d   t h e   n e w s p a p e r   o v e r   t h e   b a c k p a c k   t o   k e e p   i t   d r y .",W h a t   w a s   I   t r y i n g   t o   k e e p   d r y ?   b a c k p a c k   o r   n e w s p a p e r ?,b a c k p a c k
123,"S i n c e   i t   w a s   r a i n i n g ,   I   c a r r i e d   t h e   n e w s p a p e r   i n   t h e   b a c k p a c k   t o   k e e p   i t   d r y .",W h a t   w a s   I   t r y i n g   t o   k e e p   d r y ?   b a c k p a c k   o r   n e w s p a p e r ?,n e w s p a p e r
124,S a r a   b o r r o w e d   t h e   b o o k   f r o m   t h e   l i b r a r y   b e c a u s e   s h e   n e e d s   i t   f o r   a n   a r t i c l e   s h e   i s   w o r k i n g   o n .   S h e   r e a d s   i t   w h e n   s h e   g e t s   h o m e   f r o m   w o r k .,W h a t   d o e s   S a r a   r e a d   w h e n   s h e   g e t s   h o m e   f r o m   w o r k ?   b o o k   o r   a r t i c l e ?,b o o k
125,S a r a   b o r r o w e d   t h e   b o o k   f r o m   t h e   l i b r a r y   b e c a u s e   s h e   n e e d s   i t   f o r   a n   a r t i c l e   s h e   i s   w o r k i n g   o n .   S h e   w r i t e s   i t   w h e n   s h e   g e t s   h o m e   f r o m   w o r k .,W h a t   d o e s   S a r a   w r i t e   w h e n   s h e   g e t s   h o m e   f r o m   w o r k ?   b o o k   o r   a r t i c l e ?,a r t i c l e
126,"T h i s   m o r n i n g ,   J o e y   b u i l t   a   s a n d   c a s t l e   o n   t h e   b e a c h ,   a n d   p u t   a   t o y   f l a g   i n   t h e   h i g h e s t   t o w e r ,   b u t   t h i s   a f t e r n o o n   a   b r e e z e   k n o c k e d   i t   d o w n .",W h a t   d i d   t h e   b r e e z e   k n o c k   d o w n ?   f l a g   o r   c a s t l e ?,f l a g
127,"T h i s   m o r n i n g ,   J o e y   b u i l t   a   s a n d   c a s t l e   o n   t h e   b e a c h ,   a n d   p u t   a   t o y   f l a g   i n   t h e   h i g h e s t   t o w e r ,   b u t   t h i s   a f t e r n o o n   t h e   t i d e   k n o c k e d   i t   d o w n .",W h a t   d i d   t h e   t i d e   k n o c k   d o w n ?   f l a g   o r   c a s t l e ?,c a s t l e
128,"J a n e   k n o c k e d   o n   S u s a n ' s   d o o r ,   b u t   t h e r e   w a s   n o   a n s w e r .   S h e   w a s   o u t .",W h o   w a s   o u t ?   S u s a n   o r   J a n e ?,S u s a n
129,"J a n e   k n o c k e d   o n   S u s a n ' s   d o o r ,   b u t   t h e r e   w a s   n o   a n s w e r .   S h e   w a s   d i s a p p o i n t e d .",W h o   w a s   d i s a p p o i n t e d ?   S u s a n   o r   J a n e ?,J a n e
130,"S a m   t o o k   F r e n c h   c l a s s e s   f r o m   A d a m ,   b e c a u s e   h e   w a s   e a g e r   t o   s p e a k   i t   f l u e n t l y .",W h o   w a s   e a g e r   t o   s p e a k   F r e n c h   f l u e n t l y ?   S a m   o r   A d a m ?,S a m
131,"S a m   t o o k   F r e n c h   c l a s s e s   f r o m   A d a m ,   b e c a u s e   h e   w a s   k n o w n   t o   s p e a k   i t   f l u e n t l y .",W h o   w a s   k n o w n   t o   s p e a k   F r e n c h   f l u e n t l y ?   S a m   o r   A d a m ?,A d a m
132,"T h e   p a t h   t o   t h e   l a k e   w a s   b l o c k e d ,   s o   w e   c o u l d n ' t   r e a c h   i t .",W h a t   c o u l d n ' t   w e   r e a c h ?   l a k e   o r   p a t h ?,l a k e
133,"T h e   p a t h   t o   t h e   l a k e   w a s   b l o c k e d ,   s o   w e   c o u l d n ' t   u s e   i t .",W h a t   c o u l d n ' t   w e   u s e ?   l a k e   o r   p a t h ?,p a t h
134,"T h e   s u n   w a s   c o v e r e d   b y   a   t h i c k   c l o u d   a l l   m o r n i n g ,   b u t   l u c k i l y ,   b y   t h e   t i m e   t h e   p i c n i c   s t a r t e d ,   i t   w a s   g o n e .",W h a t   w a s   g o n e ?   c l o u d   o r   s u n ?,c l o u d
135,"T h e   s u n   w a s   c o v e r e d   b y   a   t h i c k   c l o u d   a l l   m o r n i n g ,   b u t   l u c k i l y ,   b y   t h e   t i m e   t h e   p i c n i c   s t a r t e d ,   i t   w a s   o u t .",W h a t   w a s   o u t ?   c l o u d   o r   s u n ?,s u n
136,"W e   w e n t   t o   t h e   l a k e ,   b e c a u s e   a   s h a r k   h a d   b e e n   s e e n   a t   t h e   b e a c h ,   s o   i t   w a s   a   d a n g e r o u s   p l a c e   t o   s w i m .",W h i c h   w a s   a   d a n g e r o u s   p l a c e   t o   s w i m ?   b e a c h   o r   l a k e ?,b e a c h
137,"W e   w e n t   t o   t h e   l a k e ,   b e c a u s e   a   s h a r k   h a d   b e e n   s e e n   a t   t h e   b e a c h ,   s o   i t   w a s   a   s a f e r   p l a c e   t o   s w i m .",W h i c h   w a s   a   s a f e r   p l a c e   t o   s w i m ?   b e a c h   o r   l a k e ?,l a k e
138,"S a m   t r i e d   t o   p a i n t   a   p i c t u r e   o f   s h e p h e r d s   w i t h   s h e e p ,   b u t   t h e y   e n d e d   u p   l o o k i n g   m o r e   l i k e   d o g s .",W h a t   l o o k e d   l i k e   d o g s ?   s h e e p   o r   s h e p h e r d s ?,s h e e p
139,"S a m   t r i e d   t o   p a i n t   a   p i c t u r e   o f   s h e p h e r d s   w i t h   s h e e p ,   b u t   t h e y   e n d e d   u p   l o o k i n g   m o r e   l i k e   g o l f e r s .",W h a t   l o o k e d   l i k e   g o l f e r s ?   s h e e p   o r   s h e p h e r d s ?,s h e p h e r d s
140,"M a r y   t u c k e d   h e r   d a u g h t e r   A n n e   i n t o   b e d ,   s o   t h a t   s h e   c o u l d   s l e e p .",W h o   i s   g o i n g   t o   s l e e p ?   A n n e   o r   M a r y ?,A n n e
141,"M a r y   t u c k e d   h e r   d a u g h t e r   A n n e   i n t o   b e d ,   s o   t h a t   s h e   c o u l d   w o r k .",W h o   i s   g o i n g   t o   w o r k ?   A n n e   o r   M a r y ?,M a r y
142,"T h e   c o u p l e   h a d   v e r y   w a r m   d o w n   c o a t s ,   b u t   t h e y   w e r e   n o t   e n o u g h   f o r   t h e   c o l d   i n   A l a s k a .",W h o   o r   w h a t   w e r e   n o t   e n o u g h   f o r   t h e   c o l d ?   c o a t s   o r   c o u p l e ?,c o a t s
143,"T h e   c o u p l e   h a d   v e r y   w a r m   d o w n   c o a t s ,   b u t   t h e y   w e r e   n o t   p r e p a r e d   f o r   t h e   c o l d   i n   A l a s k a .",W h o   o r   w h a t   w e r e   n o t   p r e p a r e d   f o r   t h e   c o l d ?   c o a t s   o r   c o u p l e ?,c o u p l e
144,T h o m s o n   v i s i t e d   C o o p e r ' s   g r a v e   i n   1 7 6 5 .   A t   t h a t   d a t e   h e   h a d   b e e n   d e a d   f o r   f i v e   y e a r s .,W h o   h a d   b e e n   d e a d   f o r   f i v e   y e a r s ?   C o o p e r   o r   T h o m s o n ?,C o o p e r
145,T h o m s o n   v i s i t e d   C o o p e r ' s   g r a v e   i n   1 7 6 5 .   A t   t h a t   d a t e   h e   h a d   b e e n   t r a v e l l i n g   f o r   f i v e   y e a r s .,W h o   h a d   b e e n   t r a v e l l i n g   f o r   f i v e   y e a r s ?   C o o p e r   o r   T h o m s o n ?,T h o m s o n
146,"J a c k s o n   w a s   g r e a t l y   i n f l u e n c e d   b y   A r n o l d ,   t h o u g h   h e   l i v e d   t w o   c e n t u r i e s   e a r l i e r .",W h o   l i v e d   e a r l i e r ?   A r n o l d   o r   J a c k s o n ?,A r n o l d
147,"J a c k s o n   w a s   g r e a t l y   i n f l u e n c e d   b y   A r n o l d ,   t h o u g h   h e   l i v e d   t w o   c e n t u r i e s   l a t e r .",W h o   l i v e d   l a t e r ?   A r n o l d   o r   J a c k s o n ?,J a c k s o n
148,I   c a n ' t   c u t   t h a t   t r e e   d o w n   w i t h   t h a t   a x e ;   i t   i s   t o o   t h i c k .,W h a t   i s   t o o   t h i c k ?   t r e e   o r   a x e ?,t r e e
149,I   c a n ' t   c u t   t h a t   t r e e   d o w n   w i t h   t h a t   a x e ;   i t   i s   t o o   s m a l l .,W h a t   i s   t o o   s m a l l ?   t r e e   o r   a x e ?,a x e
150,T h e   f o x e s   a r e   g e t t i n g   i n   a t   n i g h t   a n d   a t t a c k i n g   t h e   c h i c k e n s .   I   s h a l l   h a v e   t o   g u a r d   t h e m .,W h a t   d o   I   h a v e   t o   g u a r d ?   c h i c k e n s   o r   f o x e s ?,c h i c k e n s
151,T h e   f o x e s   a r e   g e t t i n g   i n   a t   n i g h t   a n d   a t t a c k i n g   t h e   c h i c k e n s .   I   s h a l l   h a v e   t o   k i l l   t h e m .,W h a t   d o   I   h a v e   t o   k i l l ?   c h i c k e n s   o r   f o x e s ?,f o x e s
152,T h e   f o x e s   a r e   g e t t i n g   i n   a t   n i g h t   a n d   a t t a c k i n g   t h e   c h i c k e n s .   T h e y   h a v e   g o t t e n   v e r y   b o l d .,W h a t   h a s   g o t t e n   b o l d ?   f o x e s   o r   c h i c k e n s ?,f o x e s
153,T h e   f o x e s   a r e   g e t t i n g   i n   a t   n i g h t   a n d   a t t a c k i n g   t h e   c h i c k e n s .   T h e y   h a v e   g o t t e n   v e r y   n e r v o u s .,W h a t   h a s   g o t t e n   n e r v o u s ?   f o x e s   o r   c h i c k e n s ?,c h i c k e n s
154,"F r e d   c o v e r e d   h i s   e y e s   w i t h   h i s   h a n d s ,   b e c a u s e   t h e   w i n d   w a s   b l o w i n g   s a n d   a r o u n d .   H e   o p e n e d   t h e m   w h e n   t h e   w i n d   s t o p p e d .",W h a t   d i d   F r e d   o p e n ?   e y e s   o r   h a n d s ?,e y e s
155,"F r e d   c o v e r e d   h i s   e y e s   w i t h   h i s   h a n d s ,   b e c a u s e   t h e   w i n d   w a s   b l o w i n g   s a n d   a r o u n d .   H e   l o w e r e d   t h e m   w h e n   t h e   w i n d   s t o p p e d .",W h a t   d i d   F r e d   l o w e r ?   e y e s   o r   h a n d s ?,h a n d s
156,F r e d   w a t c h e d   T V   w h i l e   G e o r g e   w e n t   o u t   t o   b u y   g r o c e r i e s .   A f t e r   a n   h o u r   h e   g o t   u p .,W h o   g o t   u p ?   F r e d   o r   G e o r g e ?,F r e d
157,F r e d   w a t c h e d   T V   w h i l e   G e o r g e   w e n t   o u t   t o   b u y   g r o c e r i e s .   A f t e r   a n   h o u r   h e   g o t   b a c k .,W h o   g o t   b a c k ?   F r e d   o r   G e o r g e ?,G e o r g e
158,"F r e d   w a s   s u p p o s e d   t o   r u n   t h e   d i s h w a s h e r ,   b u t   h e   p u t   i t   o f f ,   b e c a u s e   h e   w a n t e d   t o   w a t c h   T V .   T h e   s h o w   t u r n e d   o u t   t o   b e   b o r i n g ,   s o   h e   c h a n g e d   h i s   m i n d   a n d   t u r n e d   i t   o n .",W h a t   d i d   F r e d   t u r n   o n ?   d i s h w a s h e r   o r   t e l e v i s i o n ?,d i s h w a s h e r
159,"F r e d   w a s   s u p p o s e d   t o   r u n   t h e   d i s h w a s h e r ,   b u t   h e   p u t   i t   o f f ,   b e c a u s e   h e   w a n t e d   t o   w a t c h   T V .   T h e   s h o w   t u r n e d   o u t   t o   b e   b o r i n g ,   s o   h e   c h a n g e d   h i s   m i n d   a n d   t u r n e d   i t   o f f .",W h a t   d i d   F r e d   t u r n   o f f ?   d i s h w a s h e r   o r   t e l e v i s i o n ?,t e l e v i s i o n
160,F r e d   i s   t h e   o n l y   m a n   s t i l l   a l i v e   w h o   r e m e m b e r s   m y   g r a n d f a t h e r .   H e   i s   a   r e m a r k a b l e   m a n .,W h o   i s   a   r e m a r k a b l e   m a n ?   F r e d   o r   g r a n d f a t h e r ?,F r e d
161,F r e d   i s   t h e   o n l y   m a n   s t i l l   a l i v e   w h o   r e m e m b e r s   m y   g r a n d f a t h e r .   H e   w a s   a   r e m a r k a b l e   m a n .,W h o   w a s   a   r e m a r k a b l e   m a n ?   F r e d   o r   g r a n d f a t h e r ?,g r a n d f a t h e r
162,"F r e d   i s   t h e   o n l y   m a n   a l i v e   w h o   s t i l l   r e m e m b e r s   m y   f a t h e r   a s   a n   i n f a n t .   W h e n   F r e d   f i r s t   s a w   m y   f a t h e r ,   h e   w a s   t w e l v e   y e a r s   o l d .",W h o   w a s   t w e l v e   y e a r s   o l d ?   F r e d   o r   f a t h e r ?,F r e d
163,"F r e d   i s   t h e   o n l y   m a n   a l i v e   w h o   s t i l l   r e m e m b e r s   m y   f a t h e r   a s   a n   i n f a n t .   W h e n   F r e d   f i r s t   s a w   m y   f a t h e r ,   h e   w a s   t w e l v e   m o n t h s   o l d .",W h o   w a s   t w e l v e   m o n t h s   o l d ?   F r e d   o r   f a t h e r ?,f a t h e r
164,"I n   J u l y ,   K a m t c h a t k a   d e c l a r e d   w a r   o n   Y a k u t s k .   S i n c e   Y a k u t s k ' s   a r m y   w a s   m u c h   b e t t e r   e q u i p p e d   a n d   t e n   t i m e s   l a r g e r ,   t h e y   w e r e   v i c t o r i o u s   w i t h i n   w e e k s .",W h o   w a s   v i c t o r i o u s   Y a k u t s k   o r   K a m c h a t k a ?,Y a k u t s k
165,"I n   J u l y ,   K a m t c h a t k a   d e c l a r e d   w a r   o n   Y a k u t s k .   S i n c e   Y a k u t s k ' s   a r m y   w a s   m u c h   b e t t e r   e q u i p p e d   a n d   t e n   t i m e s   l a r g e r ,   t h e y   w e r e   d e f e a t e d   w i t h i n   w e e k s .",W h o   w a s   d e f e a t e d   Y a k u t s k   o r   K a m c h a t k a ?,K a m c h a t k a
166,E l i z a b e t h   m o v e d   h e r   c o m p a n y   f r o m   S p a r t a   t o   T r o y   t o   s a v e   m o n e y   o n   t a x e s ;   t h e   t a x e s   a r e   m u c h   h i g h e r   t h e r e .,W h e r e   a r e   t h e   t a x e s   h i g h e r ?   S p a r t a   o r   T r o y ?,S p a r t a
167,E l i z a b e t h   m o v e d   h e r   c o m p a n y   f r o m   S p a r t a   t o   T r o y   t o   s a v e   m o n e y   o n   t a x e s ;   t h e   t a x e s   a r e   m u c h   l o w e r   t h e r e .,W h e r e   a r e   t h e   t a x e s   l o w e r ?   S p a r t a   o r   T r o y ?,T r o y
168,"E s t h e r   f i g u r e s   t h a t   s h e   w i l l   s a v e   s h i p p i n g   c o s t s   i f   s h e   b u i l d s   h e r   f a c t o r y   i n   S p r i n g f i e l d   i n s t e a d   o f   F r a n k l i n ,   b e c a u s e   m o s t   o f   h e r   c u s t o m e r s   l i v e   t h e r e .",I n   w h i c h   t o w n   d o   m o s t   o f   E s t h e r ' s   c u s t o m e r s   l i v e ?   S p r i n g f i e l d   o r   F r a n k l i n ?,S p r i n g f i e l d
169,"E s t h e r   f i g u r e s   t h a t   s h e   w i l l   s a v e   s h i p p i n g   c o s t s   i f   s h e   b u i l d s   h e r   f a c t o r y   i n   S p r i n g f i e l d   i n s t e a d   o f   F r a n k l i n ,   b e c a u s e   n o n e   o f   h e r   c u s t o m e r s   l i v e   t h e r e .",I n   w h i c h   t o w n   d o   n o n e   o f   E s t h e r ' s   c u s t o m e r s   l i v e ?   S p r i n g f i e l d   o r   F r a n k l i n ?,F r a n k l i n
170,"T h e r e   a r e   t o o   m a n y   d e e r   i n   t h e   p a r k ,   s o   t h e   p a r k   s e r v i c e   b r o u g h t   i n   a   s m a l l   p a c k   o f   w o l v e s .   T h e   p o p u l a t i o n   s h o u l d   i n c r e a s e   o v e r   t h e   n e x t   f e w   y e a r s .",W h i c h   p o p u l a t i o n   w i l l   i n c r e a s e ?   w o l v e s   o r   d e e r ?,w o l v e s
171,"T h e r e   a r e   t o o   m a n y   d e e r   i n   t h e   p a r k ,   s o   t h e   p a r k   s e r v i c e   b r o u g h t   i n   a   s m a l l   p a c k   o f   w o l v e s .   T h e   p o p u l a t i o n   s h o u l d   d e c r e a s e   o v e r   t h e   n e x t   f e w   y e a r s .",W h i c h   p o p u l a t i o n   w i l l   d e c r e a s e ?   w o l v e s   o r   d e e r ?,d e e r
172,"T h e   a r c h a e o l o g i s t s   h a v e   c o n c l u d e d   t h a t   n e a n d e r t h a l s   l i v e d   i n   L a p u t a   2 0 , 0 0 0   y e a r s   a g o .   T h e y   h u n t e d   f o r   d e e r   o n   t h e   r i v e r   b a n k s .",W h o   h u n t e d   f o r   d e e r ?   n e a n d e r t h a l s   o r   a r c h a e o l o g i s t s ?,n e a n d e r t h a l s
173,"T h e   a r c h a e o l o g i s t s   h a v e   c o n c l u d e d   t h a t   n e a n d e r t h a l s   l i v e d   i n   L a p u t a   2 0 , 0 0 0   y e a r s   a g o .   T h e y   h u n t e d   f o r   e v i d e n c e   o n   t h e   r i v e r   b a n k s .",W h o   h u n t e d   f o r   e v i d e n c e ?   n e a n d e r t h a l s   o r   a r c h a e o l o g i s t s ?,a r c h a e o l o g i s t s
174,T h e   s c i e n t i s t s   a r e   s t u d y i n g   t h r e e   s p e c i e s   o f   f i s h   t h a t   h a v e   r e c e n t l y   b e e n   f o u n d   l i v i n g   i n   t h e   I n d i a n   O c e a n .   T h e y   a p p e a r e d   t w o   y e a r s   a g o .,W h o   o r   w h a t   a p p e a r e d   t w o   y e a r s   a g o ?   f i s h   o r   s c i e n t i s t s ?,f i s h
175,T h e   s c i e n t i s t s   a r e   s t u d y i n g   t h r e e   s p e c i e s   o f   f i s h   t h a t   h a v e   r e c e n t l y   b e e n   f o u n d   l i v i n g   i n   t h e   I n d i a n   O c e a n .   T h e y   b e g a n   t w o   y e a r s   a g o .,W h o   o r   w h a t   b e g a n   t w o   y e a r s   a g o ?   f i s h   o r   s c i e n t i s t s ?,s c i e n t i s t s
176,"T h e   j o u r n a l i s t s   i n t e r v i e w e d   t h e   s t a r s   o f   t h e   n e w   m o v i e .   T h e y   w e r e   v e r y   c o o p e r a t i v e ,   s o   t h e   i n t e r v i e w   l a s t e d   f o r   a   l o n g   t i m e .",W h o   w a s   c o o p e r a t i v e ?   s t a r s   o r   j o u r n a l i s t s ?,s t a r s
177,"T h e   j o u r n a l i s t s   i n t e r v i e w e d   t h e   s t a r s   o f   t h e   n e w   m o v i e .   T h e y   w e r e   v e r y   p e r s i s t e n t ,   s o   t h e   i n t e r v i e w   l a s t e d   f o r   a   l o n g   t i m e .",W h o   w a s   p e r s i s t e n t ?   s t a r s   o r   j o u r n a l i s t s ?,j o u r n a l i s t s
178,T h e   p o l i c e   a r r e s t e d   a l l   o f   t h e   c r i m i n a l s .   T h e y   w e r e   t r y i n g   t o   r u n   t h e   d r u g   t r a d e   i n   t h e   n e i g h b o r h o o d .,W h o   w a s   t r y i n g   t o   r u n   t h e   d r u g   t r a d e ?   c r i m i n a l s   o r   p o l i c e ?,c r i m i n a l s
179,T h e   p o l i c e   a r r e s t e d   a l l   o f   t h e   c r i m i n a l s .   T h e y   w e r e   t r y i n g   t o   s t o p   t h e   d r u g   t r a d e   i n   t h e   n e i g h b o r h o o d .,W h o   w a s   t r y i n g   t o   s t o p   t h e   d r u g   t r a d e ?   c r i m i n a l s   o r   p o l i c e ?,p o l i c e
180,I   p u t   t h e   c a k e   a w a y   i n   t h e   r e f r i g e r a t o r .   I t   h a s   a   l o t   o f   b u t t e r   i n   i t .,W h a t   h a s   a   l o t   o f   b u t t e r ?   c a k e   o r   r e f r i g e r a t o r ?,c a k e
181,I   p u t   t h e   c a k e   a w a y   i n   t h e   r e f r i g e r a t o r .   I t   h a s   a   l o t   o f   l e f t o v e r s   i n   i t .,W h a t   h a s   a   l o t   o f   l e f t o v e r s ?   c a k e   o r   r e f r i g e r a t o r ?,r e f r i g e r a t o r
182,S a m   b r o k e   b o t h   h i s   a n k l e s   a n d   h e ' s   w a l k i n g   w i t h   c r u t c h e s .   B u t   a   m o n t h   o r   s o   f r o m   n o w   t h e y   s h o u l d   b e   b e t t e r .,W h a t   s h o u l d   b e   b e t t e r ?   a n k l e s   o r   c r u t c h e s ?,a n k l e s
183,S a m   b r o k e   b o t h   h i s   a n k l e s   a n d   h e ' s   w a l k i n g   w i t h   c r u t c h e s .   B u t   a   m o n t h   o r   s o   f r o m   n o w   t h e y   s h o u l d   b e   u n n e c e s s a r y .,W h a t   s h o u l d   b e   u n n e c e s s a r y ?   a n k l e s   o r   c r u t c h e s ?,c r u t c h e s
184,"W h e n   t h e   s p o n s o r s   o f   t h e   b i l l   g o t   t o   t h e   t o w n   h a l l ,   t h e y   w e r e   s u r p r i s e d   t o   f i n d   t h a t   t h e   r o o m   w a s   f u l l   o f   o p p o n e n t s .   T h e y   w e r e   v e r y   m u c h   i n   t h e   m a j o r i t y .",W h o   w e r e   i n   t h e   m a j o r i t y ?   o p p o n e n t s   o r   s p o n s o r s ?,o p p o n e n t s
185,"W h e n   t h e   s p o n s o r s   o f   t h e   b i l l   g o t   t o   t h e   t o w n   h a l l ,   t h e y   w e r e   s u r p r i s e d   t o   f i n d   t h a t   t h e   r o o m   w a s   f u l l   o f   o p p o n e n t s .   T h e y   w e r e   v e r y   m u c h   i n   t h e   m i n o r i t y .",W h o   w e r e   i n   t h e   m i n o r i t y ?   o p p o n e n t s   o r   s p o n s o r s ?,s p o n s o r s
186,"E v e r y o n e   r e a l l y   l o v e d   t h e   o a t m e a l   c o o k i e s ;   o n l y   a   f e w   p e o p l e   l i k e d   t h e   s n i c k e r d o o d l e   c o o k i e s .   N e x t   t i m e ,   w e   s h o u l d   m a k e   m o r e   o f   t h e m .","W h i c h   c o o k i e   s h o u l d   w e   m a k e   m o r e   o f ,   n e x t   t i m e ?   o a t m e a l   o r   s n i c k e r d o o d l e ?",o a t m e a l
187,"E v e r y o n e   r e a l l y   l o v e d   t h e   o a t m e a l   c o o k i e s ;   o n l y   a   f e w   p e o p l e   l i k e d   t h e   s n i c k e r d o o d l e   c o o k i e s .   N e x t   t i m e ,   w e   s h o u l d   m a k e   f e w e r   o f   t h e m .","W h i c h   c o o k i e   s h o u l d   w e   m a k e   f e w e r   o f ,   n e x t   t i m e ?   o a t m e a l   o r   s n i c k e r d o o d l e ?",s n i c k e r d o o d l e
188,"W e   h a d   h o p e d   t o   p l a c e   c o p i e s   o n   a l l   t h e   c h a i r s   i n   t h e   a u d i t o r i u m ,   b u t   t h e r e   w e r e   s i m p l y   n o t   e n o u g h   o f   t h e m .",T h e r e   a r e   t o o   m a n y   o f   w h a t ?   c h a i r s   o r   c o p i e s ?,c h a i r s
189,"W e   h a d   h o p e d   t o   p l a c e   c o p i e s   o n   a l l   t h e   c h a i r s   i n   t h e   a u d i t o r i u m ,   b u t   t h e r e   w e r e   s i m p l y   t o o   m a n y   o f   t h e m .",T h e r e   a r e   n o t   e n o u g h   o f   w h a t ?   c h a i r s   o r   c o p i e s ?,c o p i e s
190,"I   s t u c k   a   p i n   t h r o u g h   a   c a r r o t .   W h e n   I   p u l l e d   t h e   p i n   o u t ,   i t   l e f t   a   h o l e .",W h a t   l e f t   a   h o l e ?   p i n   o r   c a r r o t ?,p i n
191,"I   s t u c k   a   p i n   t h r o u g h   a   c a r r o t .   W h e n   I   p u l l e d   t h e   p i n   o u t ,   i t   h a d   a   h o l e .",W h a t   h a d   a   h o l e ?   p i n   o r   c a r r o t ?,c a r r o t
192,"I   c o u l d n ' t   f i n d   a   s p o o n ,   s o   I   t r i e d   u s i n g   a   p e n   t o   s t i r   m y   c o f f e e .   B u t   t h a t   t u r n e d   o u t   t o   b e   a   b a d   i d e a ,   b e c a u s e   i t   g o t   f u l l   o f   i n k .",W h a t   g o t   f u l l   o f   i n k ?   c o f f e e   o r   p e n ?,c o f f e e
193,"I   c o u l d n ' t   f i n d   a   s p o o n ,   s o   I   t r i e d   u s i n g   a   p e n   t o   s t i r   m y   c o f f e e .   B u t   t h a t   t u r n e d   o u t   t o   b e   a   b a d   i d e a ,   b e c a u s e   i t   g o t   f u l l   o f   c o f f e e .",W h a t   g o t   f u l l   o f   c o f f e e ?   c o f f e e   o r   p e n ?,p e n
194,T h e   t a b l e   w o n ' t   f i t   t h r o u g h   t h e   d o o r w a y   b e c a u s e   i t   i s   t o o   w i d e .,W h a t   i s   t o o   w i d e ?   t a b l e   o r   d o o r w a y ?,t a b l e
195,T h e   t a b l e   w o n ' t   f i t   t h r o u g h   t h e   d o o r w a y   b e c a u s e   i t   i s   t o o   n a r r o w .,W h a t   i s   t o o   n a r r o w ?   t a b l e   o r   d o o r w a y ?,d o o r w a y
196,G r a c e   w a s   h a p p y   t o   t r a d e   m e   h e r   s w e a t e r   f o r   m y   j a c k e t .   S h e   t h i n k s   i t   l o o k s   g r e a t   o n   h e r .,W h a t   l o o k s   g r e a t   o n   G r a c e ?   j a c k e t   o r   s w e a t e r ?,j a c k e t
197,G r a c e   w a s   h a p p y   t o   t r a d e   m e   h e r   s w e a t e r   f o r   m y   j a c k e t .   S h e   t h i n k s   i t   l o o k s   d o w d y   o n   h e r .,W h a t   l o o k s   d o w d y   o n   G r a c e ?   j a c k e t   o r   s w e a t e r ?,s w e a t e r
198,B i l l   t h i n k s   t h a t   c a l l i n g   a t t e n t i o n   t o   h i m s e l f   w a s   r u d e   t o   B e r t .,W h o   c a l l e d   a t t e n t i o n   t o   h i m s e l f ?   B i l l   o r   B e r t ?,B i l l
199,B i l l   t h i n k s   t h a t   c a l l i n g   a t t e n t i o n   t o   h i m s e l f   w a s   r u d e   o f   B e r t .,W h o   c a l l e d   a t t e n t i o n   t o   h i m s e l f ?   B i l l   o r   B e r t ?,B e r t
200,"J o h n   p r o m i s e d   B i l l   t o   l e a v e ,   s o   a n   h o u r   l a t e r   h e   l e f t .",W h o   l e f t ?   J o h n   o r   B i l l ?,J o h n
201,"J o h n   o r d e r e d   B i l l   t o   l e a v e ,   s o   a n   h o u r   l a t e r   h e   l e f t .",W h o   l e f t ?   J o h n   o r   B i l l ?,B i l l
202,S a m   G o o d m a n ' s   b i o g r a p h y   o f   t h e   S p a r t a n   g e n e r a l   X e n o p h a n e s   c o n v e y s   a   v i v i d   s e n s e   o f   t h e   d i f f i c u l t i e s   h e   f a c e d   i n   h i s   c h i l d h o o d .,W h o   f a c e d   d i f f i c u l t i e s ?   X e n o p h a n e s   o r   S a m ?,X e n o p h a n e s
203,S a m   G o o d m a n ' s   b i o g r a p h y   o f   t h e   S p a r t a n   g e n e r a l   X e n o p h a n e s   c o n v e y s   a   v i v i d   s e n s e   o f   t h e   d i f f i c u l t i e s   h e   f a c e d   i n   h i s   r e s e a r c h .,W h o   f a c e d   d i f f i c u l t i e s ?   X e n o p h a n e s   o r   S a m ?,S a m
204,"E m m a ' s   m o t h e r   h a d   d i e d   l o n g   a g o ,   a n d   h e r   p l a c e   b y   a n   e x c e l l e n t   w o m a n   a s   g o v e r n e s s .",W h o s e   p l a c e ?   m o t h e r ' s   o r   E m m a ' s ?,m o t h e r ' s
205,"E m m a ' s   m o t h e r   h a d   d i e d   l o n g   a g o ,   a n d   h e r   e d u c a t i o n ]   h a d   b e e n   [ t a k e n   b y   a n   e x c e l l e n t   w o m a n   a s   g o v e r n e s s .",W h o s e   e d u c a t i o n ]   h a d   b e e n   [ t a k e n ?   m o t h e r ' s   o r   E m m a ' s ?,E m m a ' s
206,J a n e   k n o c k e d   o n   S u s a n ' s   d o o r   b u t   s h e   d i d   n o t   a n s w e r .,W h o   d i d   n o t   a n s w e r ?   S u s a n   o r   J a n e ?,S u s a n
207,J a n e   k n o c k e d   o n   S u s a n ' s   d o o r   b u t   s h e   d i d   n o t   g e t   a n   a n s w e r .,W h o   d i d   n o t   g e t   a n   a n s w e r ?   S u s a n   o r   J a n e ?,J a n e
208,J o e   p a i d   t h e   d e t e c t i v e   a f t e r   h e   r e c e i v e d   t h e   f i n a l   r e p o r t   o n   t h e   c a s e .,W h o   r e c e i v e d   t h e   f i n a l   r e p o r t ?   J o e   o r     d e t e c t i v e ?,J o e
209,J o e   p a i d   t h e   d e t e c t i v e   a f t e r   h e   d e l i v e r e d   t h e   f i n a l   r e p o r t   o n   t h e   c a s e .,W h o   d e l i v e r e d   t h e   f i n a l   r e p o r t ?   J o e   o r     d e t e c t i v e ?,  d e t e c t i v e
210,"B e t h   d i d n ' t   g e t   a n g r y   w i t h   S a l l y ,   w h o   h a d   c u t   h e r   o f f ,   b e c a u s e   s h e   s t o p p e d   a n d   c o u n t e d   t o   t e n .",W h o   c o u n t e d   t o   t e n ?   B e t h   o r   S a l l y ?,B e t h
211,"B e t h   d i d n ' t   g e t   a n g r y   w i t h   S a l l y ,   w h o   h a d   c u t   h e r   o f f ,   b e c a u s e   s h e   s t o p p e d   a n d   a p o l o g i z e d .",W h o   a p o l o g i z e d ?   B e t h   o r   S a l l y ?,S a l l y
212,J i m   s i g n a l e d   t h e   b a r m a n   a n d   g e s t u r e d   t o w a r d   h i s   e m p t y   g l a s s .,W h o s e   e m p t y   g l a s s ?   J i m ' s   o r     b a r m a n ' s ?,J i m ' s
213,J i m   s i g n a l e d   t h e   b a r m a n   a n d   g e s t u r e d   t o w a r d   h i s   b a t h r o o m   k e y .,W h o s e   b a t h r o o m   k e y ?   J i m ' s   o r     b a r m a n ' s ?,  b a r m a n ' s
214,"D a n   t o o k   t h e   r e a r   s e a t   w h i l e   B i l l   c l a i m e d   t h e   f r o n t   b e c a u s e   h i s   "" D i b s ! ""   w a s   q u i c k e r .","W h o s e   "" D i b s ""   w a s   q u i c k e r ?   B i l l ' s   o r   D a n ' s ?",B i l l ' s
215,"D a n   t o o k   t h e   r e a r   s e a t   w h i l e   B i l l   c l a i m e d   t h e   f r o n t   b e c a u s e   h i s   "" D i b s ! ""   w a s   s l o w .","W h o s e   "" D i b s ""   w a s   s l o w ?   B i l l ' s   o r   D a n ' s ?",D a n ' s
216,"T o m   s a i d   "" C h e c k ""   t o   R a l p h   a s   h e   t o o k   h i s   b i s h o p .",W h o   o w n e d   t h e   b i s h o p   t h a t   T o m   t o o k ?   R a l p h   o r   T o m ?,R a l p h
217,"T o m   s a i d   "" C h e c k ""   t o   R a l p h   a s   h e   m o v e d   h i s   b i s h o p .",W h o   o w n e d   t h e   b i s h o p   t h a t   T o m   m o v e d ?   R a l p h   o r   T o m ?,T o m
218,"A s   A n d r e a   i n   t h e   c r o p   d u s t e r   p a s s e d   o v e r   S u s a n ,   s h e   c o u l d   s e e   t h e   l a n d i n g   s t r i p .",W h o   c o u l d   s e e   t h e   l a n d i n g   s t r i p ?   A n d r e a   o r   S u s a n ?,A n d r e a
219,"A s   A n d r e a   i n   t h e   c r o p   d u s t e r   p a s s e d   o v e r   S u s a n ,   s h e   c o u l d   s e e   t h e   l a n d i n g   g e a r .",W h o   c o u l d   s e e   t h e   l a n d i n g   g e a r ?   A n d r e a   o r   S u s a n ?,S u s a n
220,T o m   g a v e   R a l p h   a   l i f t   t o   s c h o o l   s o   h e   w o u l d n ' t   h a v e   t o   w a l k .,W h o   w o u l d n ' t   h a v e   t o   w a l k ?   R a l p h   o r   T o m ?,R a l p h
221,T o m   g a v e   R a l p h   a   l i f t   t o   s c h o o l   s o   h e   w o u l d n ' t   h a v e   t o   d r i v e   a l o n e .,W h o   w o u l d n ' t   h a v e   t o   d r i v e   a l o n e ?   R a l p h   o r   T o m ?,T o m
222,B i l l   p a s s e d   t h e   h a l f - e m p t y   p l a t e   t o   J o h n   b e c a u s e   h e   w a s   f u l l .,W h o   w a s   f u l l ?   B i l l   o r   J o h n ?,B i l l
223,B i l l   p a s s e d   t h e   h a l f - e m p t y   p l a t e   t o   J o h n   b e c a u s e   h e   w a s   h u n g r y .,W h o   w a s   h u n g r y ?   B i l l   o r   J o h n ?,J o h n
224,B i l l   p a s s e d   t h e   g a m e b o y   t o   J o h n   b e c a u s e   h i s   t u r n   w a s   o v e r .,W h o s e   t u r n   w a s   o v e r ?   B i l l ' s   o r   J o h n ' s ?,B i l l ' s
225,B i l l   p a s s e d   t h e   g a m e b o y   t o   J o h n   b e c a u s e   h i s   t u r n   w a s   n e x t .,W h o s e   t u r n   w a s   n e x t ?   B i l l ' s   o r   J o h n ' s ?,J o h n ' s
226,T h e   m a n   l i f t e d   t h e   b o y   o n t o   h i s   b u n k   b e d .,W h o s e   b u n k   b e d ?   b o y ' s   o r   m a n ' s ?,b o y ' s
227,T h e   m a n   l i f t e d   t h e   b o y   o n t o   h i s   s h o u l d e r s .,W h o s e   s h o u l d e r s ?   b o y ' s   o r   m a n ' s ?,m a n ' s
228,"P a t t i n g   h e r   b a c k ,   t h e   w o m a n   s m i l e d   a t   t h e   g i r l .",W h o s e   b a c k   w a s   t h e   w o m a n   p a t t i n g ?   g i r l ' s   o r   w o m a n ' s ?,g i r l ' s
229,"S t r e t c h i n g   h e r   b a c k ,   t h e   w o m a n   s m i l e d   a t   t h e   g i r l .",W h o s e   b a c k   w a s   t h e   w o m a n   s t r e t c h i n g ?   g i r l ' s   o r   w o m a n ' s ?,w o m a n ' s
230,B i l l y   c r i e d   b e c a u s e   T o b y   w o u l d n ' t   s h a r e   h i s   t o y .,W h o   o w n e d   t h e   t o y ?   T o b y   o r   B i l l y ?,T o b y
231,B i l l y   c r i e d   b e c a u s e   T o b y   w o u l d n ' t   a c c e p t   h i s   t o y .,W h o   o w n e d   t h e   t o y ?   T o b y   o r   B i l l y ?,B i l l y
232,"L i l y   s p o k e   t o   D o n n a ,   b r e a k i n g   h e r   c o n c e n t r a t i o n .",W h o s e   c o n c e n t r a t i o n ?   D o n n a ' s   o r     L i l y ' s ?,D o n n a ' s
233,"L i l y   s p o k e   t o   D o n n a ,   b r e a k i n g   h e r   s i l e n c e .",W h o s e   s i l e n c e ?   D o n n a ' s   o r     L i l y ' s ?,  L i l y ' s
234,"W h e n   T o m m y   d r o p p e d   h i s   i c e   c r e a m ,   T i m m y   g i g g l e d ,   s o   f a t h e r   g a v e   h i m   a   s t e r n   l o o k .",W h o   g o t   t h e   l o o k   f r o m   f a t h e r ?   T i m m y   o r   T o m m y ?,T i m m y
235,"W h e n   T o m m y   d r o p p e d   h i s   i c e   c r e a m ,   T i m m y   g i g g l e d ,   s o   f a t h e r   g a v e   h i m   a   s y m p a t h e t i c   l o o k .",W h o   g o t   t h e   l o o k   f r o m   f a t h e r ?   T i m m y   o r   T o m m y ?,T o m m y
236,"A s   O l l i e   c a r r i e d   T o m m y   u p   t h e   l o n g   w i n d i n g   s t e p s ,   h i s   l e g s   d a n g l e d .",W h o s e   l e g s   d a n g l e d ?   T o m m y   o r   O l l i e ?,T o m m y
237,"A s   O l l i e   c a r r i e d   T o m m y   u p   t h e   l o n g   w i n d i n g   s t e p s ,   h i s   l e g s   a c h e d .",W h o s e   l e g s   a c h e d ?   T o m m y   o r   O l l i e ?,O l l i e
238,T h e   f a t h e r   c a r r i e d   t h e   s l e e p i n g   b o y   i n   h i s   a r m s .,W h o s e   a r m s ?   f a t h e r   o r   b o y ?,f a t h e r
239,T h e   f a t h e r   c a r r i e d   t h e   s l e e p i n g   b o y   i n   h i s   b a s s i n e t .,W h o s e   b a s s i n e t ?   f a t h e r   o r   b o y ?,b o y
240,T h e   w o m a n   h e l d   t h e   g i r l   a g a i n s t   h e r   c h e s t .,W h o s e   c h e s t ?   w o m a n ' s   o r   g i r l ' s ?,w o m a n ' s
241,T h e   w o m a n   h e l d   t h e   g i r l   a g a i n s t   h e r   w i l l .,W h o s e   w i l l ?   w o m a n ' s   o r   g i r l ' s ?,g i r l ' s
242,T h e   d o c t o r   i n f o r m e d   K a t e   t h a t   s h e   h a d   c a n c e r   a n d   p r e s e n t e d   s e v e r a l   o p t i o n s   f o r   f u t u r e   t r e a t m e n t .,W h o   h a d   c a n c e r ?   K a t e   o r   d o c t o r ?,K a t e
243,T h e   d o c t o r   i n f o r m e d   K a t e   t h a t   s h e   h a d   r e t i r e d   a n d   p r e s e n t e d   s e v e r a l   o p t i o n s   f o r   f u t u r e   t r e a t m e n t .,W h o   h a d   r e t i r e d ?   K a t e   o r   d o c t o r ?,d o c t o r
244,D a n   h a d   t o   s t o p   B i l l   f r o m   t o y i n g   w i t h   t h e   i n j u r e d   b i r d .   H e   i s   v e r y   c o m p a s s i o n a t e .,W h o   i s   c o m p a s s i o n a t e ?   D a n   o r   B i l l ?,D a n
245,D a n   h a d   t o   s t o p   B i l l   f r o m   t o y i n g   w i t h   t h e   i n j u r e d   b i r d .   H e   i s   v e r y   c r u e l .,W h o   i s   c r u e l ?   D a n   o r   B i l l ?,B i l l
246,"I   t r i e d   t o   p a i n t   a   p i c t u r e   o f   a n   o r c h a r d ,   w i t h   l e m o n s   i n   t h e   l e m o n   t r e e s ,   b u t   t h e y   c a m e   o u t   l o o k i n g   m o r e   l i k e   l i g h t   b u l b s .",W h a t   l o o k e d   l i k e   l i g h t   b u l b s ?   l e m o n s   o r   t r e e s ?,l e m o n s
247,"I   t r i e d   t o   p a i n t   a   p i c t u r e   o f   a n   o r c h a r d ,   w i t h   l e m o n s   i n   t h e   l e m o n   t r e e s ,   b u t   t h e y   c a m e   o u t   l o o k i n g   m o r e   l i k e   t e l e p h o n e   p o l e s .",W h a t   l o o k e d   l i k e   t e l e p h o n e   p o l e s ?   l e m o n s   o r   t r e e s ?,t r e e s
248,J a m e s   a s k e d   R o b e r t   f o r   a   f a v o r   b u t   h e   r e f u s e d .,W h o   r e f u s e d ?   R o b e r t   o r   J a m e s ?,R o b e r t
249,J a m e s   a s k e d   R o b e r t   f o r   a   f a v o r   b u t   h e   w a s   r e f u s e d .,W h o   w a s   r e f u s e d ?   R o b e r t   o r   J a m e s ?,J a m e s
250,K i r i l o v   c e d e d   t h e   p r e s i d e n c y   t o   S h a t o v   b e c a u s e   h e   w a s   m o r e   p o p u l a r .,W h o   w a s   m o r e   p o p u l a r ?   S h a t o v   o r   K i r i l o v ?,S h a t o v
251,K i r i l o v   c e d e d   t h e   p r e s i d e n c y   t o   S h a t o v   b e c a u s e   h e   w a s   l e s s   p o p u l a r .,W h o   w a s   l e s s   p o p u l a r ?   S h a t o v   o r   K i r i l o v ?,K i r i l o v
252,E m m a   d i d   n o t   p a s s   t h e   b a l l   t o   J a n i e   a l t h o u g h   s h e   w a s   o p e n .,W h o   w a s   o p e n ?   J a n i e   o r   E m m a ?,J a n i e
253,E m m a   d i d   n o t   p a s s   t h e   b a l l   t o   J a n i e   a l t h o u g h   s h e   s a w   t h a t   s h e   w a s   o p e n .,W h o   s a w   t h a t   t h e   o t h e r   p l a y e r   w a s   o p e n ?   J a n i e   o r   E m m a ?,E m m a
254,J o e   s a w   h i s   b r o t h e r   s k i i n g   o n   T V   l a s t   n i g h t   b u t   t h e   f o o l   d i d n ' t   r e c o g n i z e   h i m,W h o   i s   t h e   f o o l ?   J o e   o r   b r o t h e r ?,J o e
255,J o e   s a w   h i s   b r o t h e r   s k i i n g   o n   T V   l a s t   n i g h t   b u t   t h e   f o o l   d i d n ' t   h a v e   a   c o a t   o n,W h o   i s   t h e   f o o l ?   J o e   o r   b r o t h e r ?,b r o t h e r
256,C a r o l   b e l i e v e d   t h a t   R e b e c c a   s u s p e c t e d   t h a t   s h e   h a d   s t o l e n   t h e   w a t c h .,W h o   i s   s u s p e c t e d   o f   s t e a l i n g   t h e   w a t c h ?   C a r o l   o r   R e b e c c a ?,C a r o l
257,C a r o l   b e l i e v e d   t h a t   R e b e c c a   r e g r e t t e d   t h a t   s h e   h a d   s t o l e n   t h e   w a t c h .,W h o   i s   s t o l e   t h e   w a t c h ?   C a r o l   o r   R e b e c c a ?,R e b e c c a
258,"A l i c e   l o o k e d   f o r   h e r   f r i e n d   J a d e   i n   t h e   c r o w d .   S i n c e   s h e   a l w a y s   h a s   g o o d   l u c k ,   A l i c e   s p o t t e d   h e r   q u i c k l y .",W h o   a l w a y s   h a s   g o o d   l u c k   A l i c e   o r   J a d e ?,A l i c e
259,"A l i c e   l o o k e d   f o r   h e r   f r i e n d   J a d e   i n   t h e   c r o w d .   S i n c e   s h e   a l w a y s   w e a r s   a   r e d   t u r b a n ,   A l i c e   s p o t t e d   h e r   q u i c k l y .",W h o   a l w a y s   w e a r s   a   r e d   t u r b a n   A l i c e   o r   J a d e ?,J a d e
260,"D u r i n g   a   g a m e   o f   t a g ,   E t h a n   c h a s e d   L u k e   b e c a u s e   h e   w a s   "" i t "" .","W h o   w a s   "" i t "" ?   E t h a n   o r   L u k e ?",E t h a n
261,"D u r i n g   a   g a m e   o f   t a g ,   E t h a n   r a n   f r o m   L u k e   b e c a u s e   h e   w a s   "" i t "" .","W h o   w a s   "" i t "" ?   E t h a n   o r   L u k e ?",L u k e
